{
    "cic_LR": {
        "n_eval_rows": 900,
        "y_true_balance": {
            "1": 653,
            "0": 247
        },
        "y_pred_balance": {
            "0": 223,
            "1": 677
        },
        "confusion_matrix": [
            [
                202,
                45
            ],
            [
                21,
                632
            ]
        ],
        "accuracy": 0.9266666666666666,
        "precision": 0.9335302806499262,
        "recall": 0.9678407350689127,
        "f1": 0.9503759398496241,
        "roc_auc": 0.8248755355227508
    },
    "cic_DT": {
        "n_eval_rows": 900,
        "y_true_balance": {
            "1": 653,
            "0": 247
        },
        "y_pred_balance": {
            "0": 249,
            "1": 651
        },
        "confusion_matrix": [
            [
                246,
                1
            ],
            [
                3,
                650
            ]
        ],
        "accuracy": 0.9955555555555555,
        "precision": 0.9984639016897081,
        "recall": 0.9954058192955589,
        "f1": 0.9969325153374233,
        "roc_auc": 0.9956786181498036
    },
    "cic_RF": {
        "n_eval_rows": 900,
        "y_true_balance": {
            "1": 653,
            "0": 247
        },
        "y_pred_balance": {
            "0": 257,
            "1": 643
        },
        "confusion_matrix": [
            [
                247,
                0
            ],
            [
                10,
                643
            ]
        ],
        "accuracy": 0.9888888888888889,
        "precision": 1.0,
        "recall": 0.9846860643185299,
        "f1": 0.9922839506172839,
        "roc_auc": 0.999662101419174
    },
    "cic_CNN": {
        "n_eval_rows": 900,
        "y_true_balance": {
            "1": 653,
            "0": 247
        },
        "y_pred_balance": {
            "0": 269,
            "1": 631
        },
        "confusion_matrix": [
            [
                195,
                52
            ],
            [
                74,
                579
            ]
        ],
        "accuracy": 0.86,
        "precision": 0.9175911251980983,
        "recall": 0.886676875957121,
        "f1": 0.9018691588785047,
        "roc_auc": 0.8538108139945813
    },
    "cic_TabNet": {
        "n_eval_rows": 900,
        "y_true_balance": {
            "1": 653,
            "0": 247
        },
        "y_pred_balance": {
            "0": 21,
            "1": 879
        },
        "confusion_matrix": [
            [
                21,
                226
            ],
            [
                0,
                653
            ]
        ],
        "accuracy": 0.7488888888888889,
        "precision": 0.7428896473265074,
        "recall": 1.0,
        "f1": 0.8524804177545692,
        "roc_auc": 0.9730673131172849
    },
    "ton_LR": {
        "n_eval_rows": 7500,
        "y_true_balance": {
            "1": 3000,
            "0": 4500
        },
        "y_pred_balance": {
            "0": 7500
        },
        "confusion_matrix": [
            [
                4500,
                0
            ],
            [
                3000,
                0
            ]
        ],
        "accuracy": 0.6,
        "precision": 0.0,
        "recall": 0.0,
        "f1": 0.0,
        "roc_auc": 0.5
    },
    "ton_DT": {
        "n_eval_rows": 7500,
        "y_true_balance": {
            "0": 4500,
            "1": 3000
        },
        "y_pred_balance": {
            "0": 7500
        },
        "confusion_matrix": [
            [
                4500,
                0
            ],
            [
                3000,
                0
            ]
        ],
        "accuracy": 0.6,
        "precision": 0.0,
        "recall": 0.0,
        "f1": 0.0,
        "roc_auc": 0.5
    },
    "ton_RF": {
        "n_eval_rows": 7500,
        "y_true_balance": {
            "0": 4500,
            "1": 3000
        },
        "y_pred_balance": {
            "0": 7500
        },
        "confusion_matrix": [
            [
                4500,
                0
            ],
            [
                3000,
                0
            ]
        ],
        "accuracy": 0.6,
        "precision": 0.0,
        "recall": 0.0,
        "f1": 0.0,
        "roc_auc": 0.5
    },
    "ton_CNN": {
        "n_eval_rows": 7500,
        "y_true_balance": {
            "0": 4500,
            "1": 3000
        },
        "y_pred_balance": {
            "0": 7500
        },
        "confusion_matrix": [
            [
                4500,
                0
            ],
            [
                3000,
                0
            ]
        ],
        "accuracy": 0.6,
        "precision": 0.0,
        "recall": 0.0,
        "f1": 0.0,
        "roc_auc": 0.5
    },
    "ton_TabNet": {
        "n_eval_rows": 7500,
        "y_true_balance": {
            "0": 4500,
            "1": 3000
        },
        "y_pred_balance": {
            "1": 7500
        },
        "confusion_matrix": [
            [
                0,
                4500
            ],
            [
                0,
                3000
            ]
        ],
        "accuracy": 0.4,
        "precision": 0.4,
        "recall": 1.0,
        "f1": 0.5714285714285714,
        "roc_auc": 0.5
    },
    "fused_global": {
        "n_eval_rows": 8400,
        "y_true_balance": {
            "1": 3653,
            "0": 4747
        },
        "y_pred_balance": {
            "1": 693,
            "0": 7707
        },
        "confusion_matrix": [
            [
                4706,
                41
            ],
            [
                3001,
                652
            ]
        ],
        "accuracy": 0.6378571428571429,
        "precision": 0.9408369408369408,
        "recall": 0.17848343826991514,
        "f1": 0.3000460193281178,
        "roc_auc": 0.601121944206582
    }
}