model_name,f1_score,accuracy,precision,recall,training_time_seconds,memory_used_mb,explainability_score,n_successful_folds
Logistic Regression,0.7888240497230609,0.7926,0.8023908900758538,0.7759519038076153,0.032934004196431485,-476.64467296600344,1.0,5
Decision Tree,0.8546002478112682,0.8551,0.8560962688456722,0.8533066132264528,0.22043288039276376,-477.154043006897,1.0,5
Random Forest,0.9497713800384228,0.95,0.9522897736148987,0.9472945891783567,3.221844309405424,-484.1491453170776,1.0,5
CNN,0.9549155899314552,0.9549,0.9522643900636331,0.9579158316633267,26.24962133379886,-602.659707069397,0.0,5
TabNet,0.9717226996903043,0.9718,0.9725107865012689,0.9709418837675351,28.7038624826062,-638.3961832046509,0.0,5
