model_name,f1_score,accuracy,precision,recall,training_time_seconds,memory_used_mb,explainability_score,n_successful_folds
Logistic Regression,0.7942230329596722,0.8081009179458907,0.8479017678089493,0.7535317285960053,85.88158888816834,0.1421875,0.0,5
Decision Tree,0.9984509498763525,0.998450724398481,0.9983053015049768,0.9985966504904928,1.2419456005096436,0.0453125,1.0,5
Random Forest,0.999143091538895,0.9991430862393985,0.9991368910528522,0.9991492962621781,20.43627600669861,0.09921875,1.0,5
