model_name,f1_score,accuracy,precision,recall,training_time_seconds,memory_used_mb,explainability_score,n_successful_folds
Logistic Regression,1.0,1.0,1.0,1.0,0.035063326358795166,0.1494140625,0.0,4
Decision Tree,0.99822695035461,0.9964788732394366,1.0,0.9964788732394366,0.0018609166145324707,0.0478515625,1.0,4
Random Forest,1.0,1.0,1.0,1.0,0.16197025775909424,0.0185546875,1.0,4
