Criterion,Weight
Detection Performance,0.5396145502210747
Resource Efficiency,0.16342411856642794
Explainability,0.2969613312124973
