Alternative,Score,Rank
Random Forest,0.7614363688662286,1
Logistic Regression,0.6457305441518164,2
Decision Tree,0.3962484753285481,3
